{"left":{"object":{"shape":"sphere","center":{"orig":{"e":[0,-1000,0]},"dir":{"e":[0,0,0]},"tm":0},"radius":1000,"mat":{"material":"lambertian","albedo":{"e":[1,1,1]},"fuzz":0,"refraction_index":1,"tex":{"noise":{"point_count":256,"randfloat":[0.52990599141930472,0.94516181705146973,0.82979358626888056,0.60775418518371627,0.6070992741762653,0.43689249246107908,0.64283967590364233,0.18444018720715216,0.44064913561610441,0.65699489275090261,0.78996208195240158,0.703488292415264,0.253165780027236,0.979383782986876,0.0668587401980323,0.0970064051015409,0.95867619857118025,0.843110319375716,0.590000898835732,0.547782786555911,0.64933871074416283,0.16409037277314131,0.036610175862848315,0.71782679929577164,0.25560625079374555,0.2368575897668197,0.2163444470819853,0.16617373240516486,0.940963624017447,0.143995718937743,0.44482997040218231,0.62764411439345569,0.526217997182893,0.38475914446252313,0.37708072257775327,0.7096793328775397,0.59764425325368031,0.4158182027713111,0.42664292128426973,0.258286961471482,0.42612880232295836,0.660523864051691,0.27495411931951086,0.56790755292659978,0.57797916406663,0.281632292062208,0.10886872516771695,0.15140810578904884,0.56673702969999828,0.72445928526271874,0.28433273435618056,0.19656484402729091,0.44690070994818387,0.79742142363281854,0.24411717293441959,0.88303356507757735,0.17060172291168785,0.73769094177765426,0.83009140137099835,0.528384127175924,0.69554686114252862,0.43212590268968332,0.33584624471652758,0.303286685636645,0.687326246460149,0.5866149449407918,0.66505522458248056,0.53639341187020673,0.87195216106909923,0.29355408544218808,0.42471581265648073,0.0019559237436821419,0.0070109611306097275,0.224350922345542,0.013547624307311379,0.54322487671497743,0.70243806242093676,0.44328604979371211,0.47515817467067367,0.67736528359452741,0.24782413706942741,0.69622247890370725,0.54795668877726955,0.019725133663912375,0.34232244034796255,0.07916458502564816,0.73209566341262344,0.3286452476134698,0.55208706591047241,0.12457280810957427,0.121905178767016,0.70861685918849227,0.442720912674801,0.38442907392459924,0.2294288898993615,0.41372366591417564,0.80593865667106779,0.52674951098443445,0.32925662001008837,0.938855457976184,0.0941634623770573,0.39410643125469225,0.20572238365043782,0.89382402030695562,0.87284283120402173,0.42350238697557963,0.56428857213504835,0.741289054050401,0.56287014006226443,0.35311293564839263,0.56727254365969726,0.0013960414508529251,0.790038120531379,0.29090427005167663,0.434700653917138,0.519106271960636,0.89556832331562419,0.94793912736167063,0.27051740941617286,0.27959953110437685,0.8259047078503805,0.507187706993917,0.23396331226142553,0.95151973157409975,0.15884015763800252,0.031686271975597924,0.30694753512293982,0.77740383340556773,0.14778559485120324,0.544394679196098,0.50517706520789218,0.52398596332984781,0.67742623398402779,0.62792684952506028,0.59943187254537178,0.32551014216618035,0.547898272449879,0.52210477232667074,0.32139182943612687,0.30550712105714872,0.0798464602194162,0.34394138714490841,0.4522660009778765,0.89279922792975475,0.73504366463720228,0.377007788204135,0.11350213704166134,0.96654939670152418,0.66598041634856564,0.44374057468019279,0.743062877579458,0.49922939300082514,0.20743162183325081,0.41416662287103589,0.83726253526140182,0.64607682264246824,0.73489123539281453,0.9583747973912653,0.0652755396007294,0.19856464037464505,0.55271101499348951,0.95695747658828534,0.70336235201212771,0.663459213155311,0.823557690661164,0.21809316809281221,0.0858719741228473,0.502182861808909,0.19817659909933916,0.48131855220681974,0.87290894842107947,0.83513070907526465,0.2784955037890422,0.55707503656379731,0.82344025463508919,0.90033238577243679,0.23476110887100843,0.636844430417301,0.40835617124922763,0.665570029633843,0.90635693820544039,0.670234594865805,0.10881574529766591,0.735971670962701,0.21515940921189691,0.891320162740778,0.02403755253068085,0.34831537145971936,0.73001012717501945,0.46049416585885949,0.12005547865439081,0.78387968134664576,0.481561925963007,0.718941810971797,0.630197808207107,0.23539032238272117,0.35061496256204538,0.35703249785718572,0.6703126418788945,0.32343902953582671,0.9416998863952446,0.49493552395319651,0.1252654452037445,0.926770167924798,0.551404167329086,0.4748847657980988,0.458701079482191,0.58933416571023622,0.13688345621497655,0.597474614576737,0.45010943866524356,0.70380982115042179,0.934594978339464,0.3673119373687681,0.4836163932692541,0.676677266027404,0.99230775571137464,0.75420212439252543,0.01479103320469588,0.087690065279995233,0.574508758058609,0.78357115240531572,0.932899849762662,0.20011608296375316,0.020020512055193729,0.703869400412117,0.031528436581705677,0.44628231972123333,0.48326127451219469,0.83089661034611573,0.1743951844483671,0.22103282464943375,0.1700242675501884,0.26026542180524026,0.31075608253146747,0.393747534982128,0.55846871212749827,0.73796885195728468,0.568454534577846,0.24128546473652346,0.21406510720747973,0.0642495750584977,0.6933144630491237,0.29232851575759922,0.40830448984028012,0.94210032851655079,0.40506042156502309,0.554178742711334,0.075935639545137379,0.81898380796542147,0.17543375781530113,0.401495936436985,0.91763644351715534,0.32554181984005237,0.17258512443431395,0.53359430241779138],"perm_x":[177,45,111,150,222,216,156,134,32,71,70,164,178,170,25,17,113,42,210,27,153,57,129,161,148,81,192,140,246,118,212,39,52,186,79,228,235,31,75,167,205,188,51,106,133,7,60,180,227,92,15,144,152,78,196,114,184,13,185,117,130,128,82,237,241,218,58,119,67,5,20,6,135,151,65,30,162,115,108,123,43,221,209,116,56,109,4,242,47,121,54,166,174,137,35,204,68,46,91,28,3,240,84,1,86,171,40,72,90,50,96,198,41,74,190,211,215,22,59,77,44,80,38,19,175,94,224,87,233,103,12,69,53,99,97,23,207,248,238,63,143,176,202,26,193,223,243,173,199,18,138,33,214,131,194,89,251,254,147,245,247,16,229,62,0,203,136,141,36,73,64,132,95,102,8,76,93,231,34,159,226,232,85,66,24,234,172,126,158,139,83,88,168,105,220,101,9,98,124,125,250,149,10,187,142,11,100,120,14,219,239,189,49,181,255,197,21,195,213,201,127,183,217,112,191,55,182,157,29,146,145,252,244,122,160,236,169,154,165,208,37,104,2,225,230,61,179,253,206,110,107,155,163,48,249,200],"perm_y":[146,0,47,75,36,117,137,185,183,231,140,87,7,9,143,254,52,151,154,48,51,165,155,133,63,237,247,58,17,157,62,110,93,30,229,94,90,191,130,20,195,55,236,255,28,16,176,106,34,60,188,120,153,37,131,163,194,149,1,64,187,74,218,223,5,214,203,85,83,230,201,11,162,41,178,31,79,61,96,212,129,152,197,233,181,241,220,215,3,88,228,100,136,189,159,124,219,39,184,101,84,13,202,145,4,208,66,246,186,65,238,135,105,123,78,158,248,206,8,128,54,251,45,209,112,116,82,168,42,253,166,53,10,33,69,222,71,81,99,167,160,164,80,210,122,21,127,199,235,193,91,142,174,23,24,144,190,95,46,243,148,102,19,156,242,207,150,56,173,40,108,77,204,35,139,26,68,67,32,177,49,240,44,97,134,217,119,6,57,198,107,227,111,118,179,239,192,226,2,115,245,244,15,225,103,175,161,121,205,27,76,109,70,86,224,141,249,38,196,170,200,59,29,138,50,12,213,25,182,221,234,73,132,171,169,252,43,125,104,89,22,147,211,114,18,180,216,250,72,126,98,232,92,113,14,172],